<beans xmlns = "http://www.springframework.org/schema/beans"
   xmlns:context = "http://www.springframework.org/schema/context"
   xmlns:xsi = "http://www.w3.org/2001/XMLSchema-instance"
   xmlns:mvc="http://www.springframework.org/schema/mvc"
   
   xsi:schemaLocation = "http://www.springframework.org/schema/beans     
   http://www.springframework.org/schema/beans/spring-beans.xsd
   http://www.springframework.org/schema/context 
   http://www.springframework.org/schema/context/spring-context.xsd
   http://www.springframework.org/schema/mvc
    http://www.springframework.org/schema/mvc/spring-mvc.xsd 
   http://www.springframework.org/schema/beans
    http://www.springframework.org/schema/beans/spring-beans.xsd">

   <context:component-scan base-package = "com"/>
   <mvc:annotation-driven/>
   <bean id="viewReslover"
       class="org.springframework.web.servlet.view.InternalResourceViewReslover">
       <property name="prefix">
         <value>/webapp/views/</value>
       </property>
       <property name="suffix">
       <value>.jsp</value>
       </property>
       
       </bean>
             <mvc:resources location="/resources" mapping="/resources/**/"></mvc:resources>
   </beans>